Metric,Value
R²,0.8646268517736002
MSE,108786.17103914068
MAE,245.60309263665522
